region,station_name,Promotion Price,promo_statId,promo_chgerId,type,speed(kwh),address,location_detail,lati,longi,First_floor,is_fast,parking_free
경남,창원엠포리움빌딩 급속,299,HM000117,02,초급속,100,경상남도 창원시 성산구 중앙대로100번길 13,지하2층 B02기둥,35.2228599,128.681235,FALSE,TRUE,FALSE
경남,창원엠포리움빌딩 급속,299,HM000117,01,초급속,100,경상남도 창원시 성산구 중앙대로100번길 13,지하2층 B02기둥,35.2228599,128.681235,FALSE,TRUE,FALSE
경남,거제휴게소,299,HM001053,04,초급속,100,경상남도 거제시 장목면 거가대로 1068,,34.97333703,128.6928681,TRUE,TRUE,TRUE
경남,거제휴게소,299,HM001053,03,초급속,100,경상남도 거제시 장목면 거가대로 1068,,34.97333703,128.6928681,TRUE,TRUE,TRUE
경남,거제휴게소,299,HM001053,02,초급속,100,경상남도 거제시 장목면 거가대로 1068,,34.97333703,128.6928681,TRUE,TRUE,TRUE
경남,거제휴게소,299,HM001053,01,초급속,100,경상남도 거제시 장목면 거가대로 1068,,34.97333703,128.6928681,TRUE,TRUE,TRUE
경남,거제공설운동장(보조운동장),299,HM001387,02,초급속,100,거제시 경상남도 거제시 고현동 906,옥외주차장,34.88209611,128.6170549,TRUE,TRUE,TRUE
경남,거제공설운동장(보조운동장),299,HM001387,01,초급속,100,거제시 경상남도 거제시 고현동 906,옥외주차장,34.88209611,128.6170549,TRUE,TRUE,TRUE
경남,거제국민체육센터(거제스포츠파크),253,HM001388,04,초급속,100,경상남도 거제시 거제면 거제남서로 3485-17,"옥외주차장, 주 경기장 북쪽 주차장",34.8518556,128.5815338,TRUE,TRUE,TRUE
경남,거제국민체육센터(거제스포츠파크),253,HM001388,03,초급속,100,경상남도 거제시 거제면 거제남서로 3485-17,"옥외주차장, 주 경기장 북쪽 주차장",34.8518556,128.5815338,TRUE,TRUE,TRUE
경남,거제국민체육센터(거제스포츠파크),253,HM001388,02,초급속,100,경상남도 거제시 거제면 거제남서로 3485-17,"옥외주차장, 주 경기장 북쪽 주차장",34.8518556,128.5815338,TRUE,TRUE,TRUE
경남,거제국민체육센터(거제스포츠파크),253,HM001388,01,초급속,100,경상남도 거제시 거제면 거제남서로 3485-17,"옥외주차장, 주 경기장 북쪽 주차장",34.8518556,128.5815338,TRUE,TRUE,TRUE
경남,하청스포츠타운,253,HM001389,02,초급속,100,경상남도 거제시 하청면 사환2길 80,스포츠타운 입구 옥외주차장,34.95955582,128.6515789,TRUE,TRUE,TRUE
경남,하청스포츠타운,253,HM001389,01,초급속,100,경상남도 거제시 하청면 사환2길 80,스포츠타운 입구 옥외주차장,34.95955582,128.6515789,TRUE,TRUE,TRUE
경남,거제시 아주공설운동장,299,HM001390,02,초급속,100,경상남도 거제시 아주로3길 55-1,옥외주차장,34.86348834,128.6894737,TRUE,TRUE,TRUE
경남,거제시 아주공설운동장,299,HM001390,01,초급속,100,경상남도 거제시 아주로3길 55-1,옥외주차장,34.86348834,128.6894737,TRUE,TRUE,TRUE
경남,거제시 둔덕가족생활체육공원,253,HM001391,02,초급속,100,경상남도 거제시 둔덕면 하둔리 645,옥외주차장,34.83434062,128.5041039,TRUE,TRUE,TRUE
경남,거제시 둔덕가족생활체육공원,253,HM001391,01,초급속,100,경상남도 거제시 둔덕면 하둔리 645,옥외주차장,34.83434062,128.5041039,TRUE,TRUE,TRUE
경남,거제시 옥포종합운동장,299,HM001393,01,급속,50,경상남도 거제시 국산로 187,옥외주차장,34.90141875,128.6944528,TRUE,FALSE,TRUE
경남,거제시 실내체육관,299,HM001394,02,초급속,100,경상남도 거제시 계룡로11길 27,옥외주차장,34.88288383,128.6172106,TRUE,TRUE,TRUE
경남,거제시 실내체육관,299,HM001394,01,초급속,100,경상남도 거제시 계룡로11길 27,옥외주차장,34.88288383,128.6172106,TRUE,TRUE,TRUE
경남,거제시 지세포 일운종합운동장,253,HM001395,04,초급속,100,경상남도 거제시 일운면 거제대로 2443-28,옥외주차장,34.82243159,128.7061487,TRUE,TRUE,TRUE
경남,거제시 지세포 일운종합운동장,253,HM001395,03,초급속,100,경상남도 거제시 일운면 거제대로 2443-28,옥외주차장,34.82243159,128.7061487,TRUE,TRUE,TRUE
경남,거제시 지세포 일운종합운동장,253,HM001395,02,초급속,100,경상남도 거제시 일운면 거제대로 2443-28,옥외주차장,34.82243159,128.7061487,TRUE,TRUE,TRUE
경남,거제시 지세포 일운종합운동장,253,HM001395,01,초급속,100,경상남도 거제시 일운면 거제대로 2443-28,옥외주차장,34.82243159,128.7061487,TRUE,TRUE,TRUE
경남,용원동공영주차빌딩,280,HM001477,02,초급속,100,경상남도 창원시 진해구 용원로41번길 8,,35.10025913,128.8143601,FALSE,TRUE,TRUE
경남,용원동공영주차빌딩,280,HM001477,01,초급속,100,경상남도 창원시 진해구 용원로41번길 8,,35.10025913,128.8143601,FALSE,TRUE,TRUE
경남,팔룡동공영주차빌딩,280,HM001478,02,초급속,100,경상남도 창원시 의창구 창원대로397번길 8-17,,35.23464339,128.6428688,FALSE,TRUE,TRUE
경남,팔룡동공영주차빌딩,280,HM001478,01,초급속,100,경상남도 창원시 의창구 창원대로397번길 8-17,,35.23464339,128.6428688,FALSE,TRUE,TRUE
경남,영산대학교 양산,253,HM001520,14,초급속,100,경상남도 양산시 주남로 288,야외주차장 1동,35.42834872,129.1446392,TRUE,TRUE,TRUE
경남,영산대학교 양산,253,HM001520,13,초급속,100,경상남도 양산시 주남로 288,야외주차장 1동,35.42834872,129.1446392,TRUE,TRUE,TRUE
경남,거제숲소리공원,253,HM001793,01,급속,50,경상남도 거제시 거제면 서정1길 97-40,옥외주차장,34.86012481,128.6053,TRUE,FALSE,TRUE
경남,문화예술회관,253,HM003001,02,초급속,100,경상남도 거제시 장승로 145,옥외주차장,34.86717837,128.7233576,TRUE,TRUE,TRUE
경남,문화예술회관,253,HM003001,01,초급속,100,경상남도 거제시 장승로 145,옥외주차장,34.86717837,128.7233576,TRUE,TRUE,TRUE
경남,거제경찰서,299,HM003002,02,초급속,100,경상남도 거제시 진목1길 2,지상 주차장(컨테이너 앞),34.89897741,128.6867054,TRUE,TRUE,TRUE
경남,거제경찰서,299,HM003002,01,초급속,100,경상남도 거제시 진목1길 2,지상 주차장(컨테이너 앞),34.89897741,128.6867054,TRUE,TRUE,TRUE
경남,거제시공설운동장,299,HM003003,02,초급속,100,경상남도 거제시 계룡로11길 26,지상주차장,34.88296388,128.6183604,TRUE,TRUE,TRUE
경남,거제시공설운동장,299,HM003003,01,초급속,100,경상남도 거제시 계룡로11길 26,지상주차장,34.88296388,128.6183604,TRUE,TRUE,TRUE
경남,안정 공영주차장,253,HM003004,04,초급속,100,경상남도 통영시 광도면 황리 1645-2,옥외주차장,34.958021,128.4206619,TRUE,TRUE,TRUE
경남,안정 공영주차장,253,HM003004,03,초급속,100,경상남도 통영시 광도면 황리 1645-2,옥외주차장,34.958021,128.4206619,TRUE,TRUE,TRUE
경남,안정 공영주차장,253,HM003004,02,초급속,100,경상남도 통영시 광도면 황리 1645-2,옥외주차장,34.958021,128.4206619,TRUE,TRUE,TRUE
경남,안정 공영주차장,253,HM003004,01,초급속,100,경상남도 통영시 광도면 황리 1645-2,옥외주차장,34.958021,128.4206619,TRUE,TRUE,TRUE
경남,통영국제음악당,280,HM003005,02,초급속,100,경상남도 통영시 큰발개1길 38,옥외주차장,34.8259938,128.4400333,TRUE,TRUE,TRUE
경남,통영국제음악당,280,HM003005,01,초급속,100,경상남도 통영시 큰발개1길 38,옥외주차장,34.8259938,128.4400333,TRUE,TRUE,TRUE
경남,디피랑1 공영주차장,280,HM003006,02,초급속,100,경상남도 통영시 동호동 215-30,지상 주차장,34.84365802,128.4285573,TRUE,TRUE,TRUE
경남,디피랑1 공영주차장,280,HM003006,01,초급속,100,경상남도 통영시 동호동 215-30,지상 주차장,34.84365802,128.4285573,TRUE,TRUE,TRUE
경남,디피랑3 공영주차장,280,HM003007,02,초급속,100,경상남도 통영시 동호동 290-4,지상 주차장,34.84039973,128.4277791,TRUE,TRUE,TRUE
경남,디피랑3 공영주차장,280,HM003007,01,초급속,100,경상남도 통영시 동호동 290-4,지상 주차장,34.84039973,128.4277791,TRUE,TRUE,TRUE
경남,무전제2 공영주차장,299,HM003008,02,초급속,100,경상남도 통영시 무전동 1022,지상 주차장,34.85944976,128.4232987,TRUE,TRUE,TRUE
경남,무전제2 공영주차장,299,HM003008,01,초급속,100,경상남도 통영시 무전동 1022,지상 주차장,34.85944976,128.4232987,TRUE,TRUE,TRUE
경남,이순신공원,299,HM003009,02,초급속,100,경상남도 통영시 정량동 693,지상 주차장,34.84398983,128.4409974,TRUE,TRUE,TRUE
경남,이순신공원,299,HM003009,01,초급속,100,경상남도 통영시 정량동 693,지상 주차장,34.84398983,128.4409974,TRUE,TRUE,TRUE
경남,한산대첩광장지하주차장,280,HM003010,02,초급속,100,경상남도 통영시 통영해안로 267,지하주차장 b1 C8~E8 기둥 사이,34.84042073,128.4242661,FALSE,TRUE,TRUE
경남,한산대첩광장지하주차장,280,HM003010,01,초급속,100,경상남도 통영시 통영해안로 267,지하주차장 b1 C8~E8 기둥 사이,34.84042073,128.4242661,FALSE,TRUE,TRUE
경남,통영수영장 주차장,280,HM003011,02,초급속,100,경상남도 통영시 평인일주로 1052-27,옥외주차장,34.85838252,128.4132844,TRUE,TRUE,TRUE
경남,통영수영장 주차장,280,HM003011,01,초급속,100,경상남도 통영시 평인일주로 1052-27,옥외주차장,34.85838252,128.4132844,TRUE,TRUE,TRUE
경남,용남생활체육공원 주차장,280,HM003012,02,초급속,100,경상남도 통영시 용남면 원평리 917-138,옥외주차장,34.88466467,128.4595116,TRUE,TRUE,TRUE
경남,용남생활체육공원 주차장,280,HM003012,01,초급속,100,경상남도 통영시 용남면 원평리 917-138,옥외주차장,34.88466467,128.4595116,TRUE,TRUE,TRUE
경남,미륵도주차장,280,HM003013,02,초급속,100,경상남도 통영시 봉평동 446,옥외주차장,34.8327258,128.4134745,TRUE,TRUE,TRUE
경남,미륵도주차장,280,HM003013,01,초급속,100,경상남도 통영시 봉평동 446,옥외주차장,34.8327258,128.4134745,TRUE,TRUE,TRUE
경남,통제영주차장(세병관),299,HM003014,02,초급속,100,경상남도 통영시 세병로 26,지상 주차장,34.84585238,128.4232658,TRUE,TRUE,TRUE
경남,통제영주차장(세병관),299,HM003014,01,초급속,100,경상남도 통영시 세병로 26,지상 주차장,34.84585238,128.4232658,TRUE,TRUE,TRUE
경남,도산면사무소,280,HM003015,02,초급속,100,경상남도 통영시 도산면 법송리 1051-5,옥외주차장,34.903247,128.3618768,TRUE,TRUE,TRUE
경남,도산면사무소,280,HM003015,01,초급속,100,경상남도 통영시 도산면 법송리 1051-5,옥외주차장,34.903247,128.3618768,TRUE,TRUE,TRUE
경남,생태숲(공원),253,HM003020,02,초급속,100,경상남도 통영시 도천동 728-5,옥외주차장,34.84337773,128.4073438,TRUE,TRUE,TRUE
경남,생태숲(공원),253,HM003020,01,초급속,100,경상남도 통영시 도천동 728-5,옥외주차장,34.84337773,128.4073438,TRUE,TRUE,TRUE
경남,원문생활공원,280,HM003022,02,초급속,100,경상남도 통영시 용남면 장문리 1034-3,옥외주차장,34.86977574,128.4229875,TRUE,TRUE,TRUE
경남,원문생활공원,280,HM003022,01,초급속,100,경상남도 통영시 용남면 장문리 1034-3,옥외주차장,34.86977574,128.4229875,TRUE,TRUE,TRUE
경남,통영시 수산식품산업 거점센터,280,HM800005,02,초급속,100,경상남도 통영시 도산면 법송2길 7,옥외주차장,34.89390042,128.3740368,TRUE,TRUE,TRUE
경남,통영시 수산식품산업 거점센터,280,HM800005,01,초급속,100,경상남도 통영시 도산면 법송2길 7,옥외주차장,34.89390042,128.3740368,TRUE,TRUE,TRUE
경남,통영항연안여객터미널,299,HM800012,02,초급속,100,경상남도 통영시 통영해안로 234,옥외주차장,34.83979138,128.4202252,TRUE,TRUE,TRUE
경남,통영항연안여객터미널,299,HM800012,01,초급속,100,경상남도 통영시 통영해안로 234,옥외주차장,34.83979138,128.4202252,TRUE,TRUE,TRUE
경남,창원지검통영지청사,280,HM800013,02,초급속,100,경상남도 통영시 용남면 동달안길 65,옥외주차장,34.86469192,128.444735,TRUE,TRUE,TRUE
경남,창원지검통영지청사,280,HM800013,01,초급속,100,경상남도 통영시 용남면 동달안길 65,옥외주차장,34.86469192,128.444735,TRUE,TRUE,TRUE
경남,창원지방법원통영지원청사,280,HM800020,02,초급속,100,경상남도 통영시 용남면 동달리 857,옥외주차장,34.86508418,128.445939,TRUE,TRUE,TRUE
경남,창원지방법원통영지원청사,280,HM800020,01,초급속,100,경상남도 통영시 용남면 동달리 857,옥외주차장,34.86508418,128.445939,TRUE,TRUE,TRUE
경남,상주은모래비치주차장,299,HM800117,02,초급속,100,경상남도 남해군 상주면 상주리 1227,옥외주차장,34.7222662,127.9881188,TRUE,TRUE,TRUE
경남,상주은모래비치주차장,299,HM800117,01,초급속,100,경상남도 남해군 상주면 상주리 1227,옥외주차장,34.7222662,127.9881188,TRUE,TRUE,TRUE
경남,다랭이마을 제2주차장,299,HM800119,02,초급속,100,경상남도 남해군 남면 남면로 654,옥외주차장,34.72971468,127.8956242,TRUE,TRUE,TRUE
경남,다랭이마을 제2주차장,299,HM800119,01,초급속,100,경상남도 남해군 남면 남면로 654,옥외주차장,34.72971468,127.8956242,TRUE,TRUE,TRUE
경남,통영 안황 문화스포츠센터,280,HM810002,02,초급속,100,경상남도 통영시 광도면 안정로 830,옥외주차장,34.94900751,128.4119878,TRUE,TRUE,TRUE
경남,통영 안황 문화스포츠센터,280,HM810002,01,초급속,100,경상남도 통영시 광도면 안정로 830,옥외주차장,34.94900751,128.4119878,TRUE,TRUE,TRUE
경남,충렬사,280,HM810003,02,초급속,100,경상남도 통영시 여황로 251,옥외주차장,34.84680055,128.4175944,TRUE,TRUE,FALSE
경남,충렬사,280,HM810003,01,초급속,100,경상남도 통영시 여황로 251,옥외주차장,34.84680055,128.4175944,TRUE,TRUE,FALSE
경남,사촌해수욕장,299,HM810005,02,초급속,100,경상남도 남해군 남면 선구리 1051-2,옥외주차장,34.74280969,127.8583751,TRUE,TRUE,TRUE
경남,사촌해수욕장,299,HM810005,01,초급속,100,경상남도 남해군 남면 선구리 1051-2,옥외주차장,34.74280969,127.8583751,TRUE,TRUE,TRUE
경남,남해읍 공영주차장,299,HM810006,02,초급속,100,경상남도 남해군 북변리 330-4,옥외주차장,34.840165,127.898209,TRUE,TRUE,TRUE
경남,남해읍 공영주차장,299,HM810006,01,초급속,100,경상남도 남해군 북변리 330-4,옥외주차장,34.840165,127.898209,TRUE,TRUE,TRUE
경남,굴수하식수산업협동조합,299,HM810007,02,초급속,100,경상남도 통영시 용남면 견내량로 22,옥외주차장,34.88887885,128.4609946,TRUE,TRUE,FALSE
경남,굴수하식수산업협동조합,299,HM810007,01,초급속,100,경상남도 통영시 용남면 견내량로 22,옥외주차장,34.88887885,128.4609946,TRUE,TRUE,FALSE
경남,창선단항 공영주차장,253,HM810008,04,초급속,100,경상남도 남해군 창선면 대벽리 164-1,옥외주차장,34.91745367,128.0294282,TRUE,TRUE,TRUE
경남,창선단항 공영주차장,253,HM810008,03,초급속,100,경상남도 남해군 창선면 대벽리 164-1,옥외주차장,34.91745367,128.0294282,TRUE,TRUE,TRUE
경남,창선단항 공영주차장,253,HM810008,02,초급속,100,경상남도 남해군 창선면 대벽리 164-1,옥외주차장,34.91745367,128.0294282,TRUE,TRUE,TRUE
경남,창선단항 공영주차장,253,HM810008,01,초급속,100,경상남도 남해군 창선면 대벽리 164-1,옥외주차장,34.91745367,128.0294282,TRUE,TRUE,TRUE
경남,남지읍사무소 주차장,280,HM810011,02,초급속,100,경상남도 창녕군 남지읍 낙동로 483,,35.389031,128.477084,TRUE,TRUE,TRUE
경남,남지읍사무소 주차장,280,HM810011,01,초급속,100,경상남도 창녕군 남지읍 낙동로 483,,35.389031,128.477084,TRUE,TRUE,TRUE
경남,명덕 공영주차장,280,HM810012,02,초급속,100,경상남도 창녕군 창녕읍 교리 318,,35.544139,128.49689,TRUE,TRUE,FALSE
경남,명덕 공영주차장,280,HM810012,01,초급속,100,경상남도 창녕군 창녕읍 교리 318,,35.544139,128.49689,TRUE,TRUE,FALSE
경남,산토끼노래동산 주차장,253,HM810013,02,초급속,100,경상남도 창녕군 이방면 이방로 623,,35.577497,128.383269,TRUE,TRUE,FALSE
경남,산토끼노래동산 주차장,253,HM810013,01,초급속,100,경상남도 창녕군 이방면 이방로 623,,35.577497,128.383269,TRUE,TRUE,FALSE
경남,서재골 공영주차장,253,HM810014,02,초급속,100,경상남도 창녕군 창녕읍 술정리 253-3,,35.537825,128.490442,TRUE,TRUE,TRUE
경남,서재골 공영주차장,253,HM810014,01,초급속,100,경상남도 창녕군 창녕읍 술정리 253-3,,35.537825,128.490442,TRUE,TRUE,TRUE
경남,영산 서리 공영주차장,299,HM810015,02,초급속,100,경상남도 창녕군 영산면 영산중앙길 16-1,,35.456072,128.528861,TRUE,TRUE,FALSE
경남,영산 서리 공영주차장,299,HM810015,01,초급속,100,경상남도 창녕군 영산면 영산중앙길 16-1,,35.456072,128.528861,TRUE,TRUE,FALSE
경남,우포늪체험장,253,HM810016,02,초급속,200,경상남도 창녕군 대합면 우포2로 370,,35.56596,128.421216,TRUE,TRUE,FALSE
경남,우포늪체험장,253,HM810016,01,초급속,200,경상남도 창녕군 대합면 우포2로 370,,35.56596,128.421216,TRUE,TRUE,FALSE
경남,창녕노인복지회관,280,HM810018,02,초급속,100,경상남도 창녕군 창녕읍 창녕대로 172,,35.53076129,128.5007646,TRUE,TRUE,TRUE
경남,창녕노인복지회관,280,HM810018,01,초급속,100,경상남도 창녕군 창녕읍 창녕대로 172,,35.53076129,128.5007646,TRUE,TRUE,TRUE
경남,창녕소방서 (본서),280,HM810021,02,초급속,100,경상남도 창녕군 대지면 우포2로 1097,,35.550669,128.479113,TRUE,TRUE,TRUE
경남,창녕소방서 (본서),280,HM810021,01,초급속,100,경상남도 창녕군 대지면 우포2로 1097,,35.550669,128.479113,TRUE,TRUE,TRUE
경남,남지대신동공영주차장,280,HM810025,02,초급속,100,경상남도 창녕군 남지읍 남지리 817-9,,35.38589,128.469312,TRUE,TRUE,FALSE
경남,남지대신동공영주차장,280,HM810025,01,초급속,100,경상남도 창녕군 남지읍 남지리 817-9,,35.38589,128.469312,TRUE,TRUE,FALSE
경남,화왕산로 노상주차장,299,HM810026,02,초급속,100,경상남도 창녕군 창녕읍 말흘리 357-1,,35.536284,128.506526,TRUE,TRUE,FALSE
경남,화왕산로 노상주차장,299,HM810026,01,초급속,100,경상남도 창녕군 창녕읍 말흘리 357-1,,35.536284,128.506526,TRUE,TRUE,FALSE
경남,술정리 동삼층석탑 공중화장실,280,HM810028,02,초급속,100,경상남도 창녕군 창녕읍 시장2길 19-18,,35.539893,128.494688,TRUE,TRUE,TRUE
경남,술정리 동삼층석탑 공중화장실,280,HM810028,01,초급속,100,경상남도 창녕군 창녕읍 시장2길 19-18,,35.539893,128.494688,TRUE,TRUE,TRUE
경남,우포늪생태관 주차장 제2주차장,253,HM810029,02,초급속,100,경상남도 창녕군 유어면 우포늪길 218,,35.544509,128.418417,TRUE,TRUE,FALSE
경남,우포늪생태관 주차장 제2주차장,253,HM810029,01,초급속,100,경상남도 창녕군 유어면 우포늪길 218,,35.544509,128.418417,TRUE,TRUE,FALSE
경남,조산공영 주차장,280,HM810030,02,초급속,100,경상남도 창녕군 창녕읍 조산리 16,,35.537605,128.485396,TRUE,TRUE,FALSE
경남,조산공영 주차장,280,HM810030,01,초급속,100,경상남도 창녕군 창녕읍 조산리 16,,35.537605,128.485396,TRUE,TRUE,FALSE
경남,남지 시가지 공영주차장,280,HM810032,02,초급속,100,경상남도 창녕군 남지읍 남지리 605-13,,35.38949,128.480076,TRUE,TRUE,FALSE
경남,남지 시가지 공영주차장,280,HM810032,01,초급속,100,경상남도 창녕군 남지읍 남지리 605-13,,35.38949,128.480076,TRUE,TRUE,FALSE
경남,화왕산 자하곡 주차장,299,HM810033,02,초급속,100,경상남도 창녕군 창녕읍 자하곡길 10,,35.540107,128.50795,TRUE,TRUE,FALSE
경남,화왕산 자하곡 주차장,299,HM810033,01,초급속,100,경상남도 창녕군 창녕읍 자하곡길 10,,35.540107,128.50795,TRUE,TRUE,FALSE
경남,통영시청1청사,299,HM810035,02,초급속,100,경상남도 통영시 통영해안로 515,옥외주차장,34.85434228,128.4331779,TRUE,TRUE,FALSE
경남,통영시청1청사,299,HM810035,01,초급속,100,경상남도 통영시 통영해안로 515,옥외주차장,34.85434228,128.4331779,TRUE,TRUE,FALSE
경남,창녕군보건소,299,HM810036,02,초급속,100,경상남도 창녕군 창녕읍 우포2로 1189-35,옥외주차장,35.5436574,128.4901131,TRUE,TRUE,TRUE
경남,창녕군보건소,299,HM810036,01,초급속,100,경상남도 창녕군 창녕읍 우포2로 1189-35,옥외주차장,35.5436574,128.4901131,TRUE,TRUE,TRUE
경남,통영시청2청사,299,HM810037,02,초급속,100,경상남도 통영시 해미당1길 33,옥외주차장 입구 좌측,34.85603484,128.4304453,TRUE,TRUE,TRUE
경남,통영시청2청사,299,HM810037,01,초급속,100,경상남도 통영시 해미당1길 33,옥외주차장 입구 좌측,34.85603484,128.4304453,TRUE,TRUE,TRUE
경남,대경아파트 앞 노상주차장,299,HM810040,02,초급속,100,경상남도 창녕군 남지읍 낙동로 533,,35.390208,128.483397,TRUE,TRUE,TRUE
경남,대경아파트 앞 노상주차장,299,HM810040,01,초급속,100,경상남도 창녕군 남지읍 낙동로 533,,35.390208,128.483397,TRUE,TRUE,TRUE
경남,해피데이,253,HM810041,04,초급속,100,경상남도 통영시 광도면 죽림4로 8,2층 주차장,34.88631434,128.4160059,FALSE,TRUE,FALSE
경남,해피데이,253,HM810041,03,초급속,100,경상남도 통영시 광도면 죽림4로 8,2층 주차장,34.88631434,128.4160059,FALSE,TRUE,FALSE
경남,해피데이,253,HM810041,02,초급속,100,경상남도 통영시 광도면 죽림4로 8,2층 주차장,34.88631434,128.4160059,FALSE,TRUE,FALSE
경남,해피데이,253,HM810041,01,초급속,100,경상남도 통영시 광도면 죽림4로 8,2층 주차장,34.88631434,128.4160059,FALSE,TRUE,FALSE
경남,양산국민체육센터,299,HM810044,02,초급속,100,경상남도 양산시 물금읍 청룡로 33,1층 주차장,35.32651336,128.9952766,TRUE,TRUE,TRUE
경남,양산국민체육센터,299,HM810044,01,초급속,100,경상남도 양산시 물금읍 청룡로 33,1층 주차장,35.32651336,128.9952766,TRUE,TRUE,TRUE
경남,증산역 공영주차장,299,HM810045,02,급속,100,경상남도 양산시 물금읍 증산리 1830,,35.306981,129.009459,TRUE,FALSE,TRUE
경남,증산역 공영주차장,299,HM810045,01,급속,100,경상남도 양산시 물금읍 증산리 1830,,35.306981,129.009459,TRUE,FALSE,TRUE
경남,양산역 공영주차장,280,HM810046,04,초급속,100,경상남도 양산시 강변로 441,주차장,35.34014068,129.0274712,TRUE,TRUE,TRUE
경남,양산역 공영주차장,280,HM810046,03,초급속,100,경상남도 양산시 강변로 441,주차장,35.34014068,129.0274712,TRUE,TRUE,TRUE
경남,양산역 공영주차장,280,HM810046,02,초급속,100,경상남도 양산시 강변로 441,주차장,35.34014068,129.0274712,TRUE,TRUE,TRUE
경남,양산역 공영주차장,280,HM810046,01,초급속,100,경상남도 양산시 강변로 441,주차장,35.34014068,129.0274712,TRUE,TRUE,TRUE
경남,웅상체육공원,280,HM810047,02,초급속,100,경상남도 양산시 배움터길 60-19,옥외주차장,35.37762612,129.1434299,TRUE,TRUE,FALSE
경남,웅상체육공원,280,HM810047,01,초급속,100,경상남도 양산시 배움터길 60-19,옥외주차장,35.37762612,129.1434299,TRUE,TRUE,FALSE
경남,양산시 수질정화공원 2주차장,299,HM810048,02,초급속,100,경상남도 양산시 동면 강변로 54,,35.3062363,129.0205601,TRUE,TRUE,TRUE
경남,양산시 수질정화공원 2주차장,299,HM810048,01,초급속,100,경상남도 양산시 동면 강변로 54,,35.3062363,129.0205601,TRUE,TRUE,TRUE
경남,하북정 공영주차장,299,HM810049,02,초급속,100,경상남도 양산시 북정동 671,옥외주차장,35.358725,129.048061,TRUE,TRUE,FALSE
경남,하북정 공영주차장,299,HM810049,01,초급속,100,경상남도 양산시 북정동 671,옥외주차장,35.358725,129.048061,TRUE,TRUE,FALSE
경남,웅상문화체육센터,280,HM810050,02,초급속,100,경상남도 양산시 모래들길 57-57,옥내주차장,35.39582806,129.155436,TRUE,TRUE,FALSE
경남,웅상문화체육센터,280,HM810050,01,초급속,100,경상남도 양산시 모래들길 57-57,옥내주차장,35.39582806,129.155436,TRUE,TRUE,FALSE
경남,남양산역 공영주차장,299,HM810051,02,초급속,100,경상남도 양산시 물금읍 메기로 380,,35.3249127,129.019336,TRUE,TRUE,TRUE
경남,남양산역 공영주차장,299,HM810051,01,초급속,100,경상남도 양산시 물금읍 메기로 380,,35.3249127,129.019336,TRUE,TRUE,TRUE
경남,양산복합문화학습관,299,HM810053,02,초급속,100,경상남도 양산시 동면 금산리 1145,옥외주차장,35.30378,129.019578,TRUE,TRUE,TRUE
경남,양산복합문화학습관,299,HM810053,01,초급속,100,경상남도 양산시 동면 금산리 1145,옥외주차장,35.30378,129.019578,TRUE,TRUE,TRUE
경남,황산마을 공영주차장,299,HM810054,04,초급속,100,경상남도 양산시 물금읍 범어리 2679-1,옥내주차장,35.33085199,129.0103587,FALSE,TRUE,FALSE
경남,황산마을 공영주차장,299,HM810054,03,초급속,100,경상남도 양산시 물금읍 범어리 2679-1,옥내주차장,35.33085199,129.0103587,FALSE,TRUE,FALSE
경남,황산마을 공영주차장,299,HM810054,02,초급속,100,경상남도 양산시 물금읍 범어리 2679-1,옥내주차장,35.33085199,129.0103587,FALSE,TRUE,FALSE
경남,황산마을 공영주차장,299,HM810054,01,초급속,100,경상남도 양산시 물금읍 범어리 2679-1,옥내주차장,35.33085199,129.0103587,FALSE,TRUE,FALSE
경남,혁신지원센터,280,HM810056,02,초급속,100,경상남도 양산시 유산동 227-1,옥외주차장,35.3607963,129.0329424,TRUE,TRUE,FALSE
경남,혁신지원센터,280,HM810056,01,초급속,100,경상남도 양산시 유산동 227-1,옥외주차장,35.3607963,129.0329424,TRUE,TRUE,FALSE
경남,하북체육공원 1구장 주차장,253,HM810057,02,초급속,100,경상남도 양산시 하북면 예인길 26,입구측주차장,35.48089676,129.0791045,TRUE,TRUE,FALSE
경남,하북체육공원 1구장 주차장,253,HM810057,01,초급속,100,경상남도 양산시 하북면 예인길 26,입구측주차장,35.48089676,129.0791045,TRUE,TRUE,FALSE
경남,서창운동장,280,HM810058,02,초급속,100,경상남도 양산시 삼호동 산34-7,옥외주차장,35.41161583,129.1822946,TRUE,TRUE,FALSE
경남,서창운동장,280,HM810058,01,초급속,100,경상남도 양산시 삼호동 산34-7,옥외주차장,35.41161583,129.1822946,TRUE,TRUE,FALSE
경남,북부동 제1공영주차장,299,HM810065,02,초급속,100,경상남도 양산시 북부동 416-3,옥외주차장,35.3447844,129.0389248,TRUE,TRUE,FALSE
경남,북부동 제1공영주차장,299,HM810065,01,초급속,100,경상남도 양산시 북부동 416-3,옥외주차장,35.3447844,129.0389248,TRUE,TRUE,FALSE
경남,사송역환승센터,299,HM810066,04,초급속,100,경상남도 양산시 동면 첨단사송2로 9,,35.304143,129.079151,TRUE,TRUE,TRUE
경남,사송역환승센터,299,HM810066,03,초급속,100,경상남도 양산시 동면 첨단사송2로 9,,35.304143,129.079151,TRUE,TRUE,TRUE
경남,사송역환승센터,299,HM810066,02,초급속,100,경상남도 양산시 동면 첨단사송2로 9,,35.304143,129.079151,TRUE,TRUE,TRUE
경남,사송역환승센터,299,HM810066,01,초급속,100,경상남도 양산시 동면 첨단사송2로 9,,35.304143,129.079151,TRUE,TRUE,TRUE
경남,부산대 양산캠퍼스역 주차장,299,HM810067,02,급속,100,경상남도 양산시 물금읍 범어리 2806 부산대양산캠퍼스역,,35.3157973,129.013218,TRUE,FALSE,TRUE
경남,부산대 양산캠퍼스역 주차장,299,HM810067,01,급속,100,경상남도 양산시 물금읍 범어리 2806 부산대양산캠퍼스역,,35.3157973,129.013218,TRUE,FALSE,TRUE
경남,대운산생태숲,299,HM810069,02,초급속,100,경상남도 양산시 탑골길 230,옥외주차장,35.41566672,129.2046821,TRUE,TRUE,FALSE
경남,대운산생태숲,299,HM810069,01,초급속,100,경상남도 양산시 탑골길 230,옥외주차장,35.41566672,129.2046821,TRUE,TRUE,FALSE
경남,양산종합운동장,299,HM810070,10,초급속,100,경상남도 양산시 양산대로 849,"실내체육관 맞은편, 옥외 주차장 ( 위치안내 표시판 바로옆)",35.34851958,129.0354802,TRUE,TRUE,TRUE
경남,양산종합운동장,299,HM810070,09,초급속,100,경상남도 양산시 양산대로 849,"실내체육관 맞은편, 옥외 주차장 ( 위치안내 표시판 바로옆)",35.34851958,129.0354802,TRUE,TRUE,TRUE
경남,양산종합운동장,299,HM810070,08,초급속,100,경상남도 양산시 양산대로 849,"실내체육관 맞은편, 옥외 주차장 ( 위치안내 표시판 바로옆)",35.34851958,129.0354802,TRUE,TRUE,TRUE
경남,양산종합운동장,299,HM810070,07,초급속,100,경상남도 양산시 양산대로 849,"실내체육관 맞은편, 옥외 주차장 ( 위치안내 표시판 바로옆)",35.34851958,129.0354802,TRUE,TRUE,TRUE
경남,양산종합운동장,299,HM810070,06,초급속,100,경상남도 양산시 양산대로 849,"실내체육관 맞은편, 옥외 주차장 ( 위치안내 표시판 바로옆)",35.34851958,129.0354802,TRUE,TRUE,TRUE
경남,양산종합운동장,299,HM810070,05,초급속,100,경상남도 양산시 양산대로 849,"실내체육관 맞은편, 옥외 주차장 ( 위치안내 표시판 바로옆)",35.34851958,129.0354802,TRUE,TRUE,TRUE
경남,양산종합운동장,299,HM810070,04,초급속,100,경상남도 양산시 양산대로 849,"실내체육관 맞은편, 옥외 주차장 ( 위치안내 표시판 바로옆)",35.34851958,129.0354802,TRUE,TRUE,TRUE
경남,양산종합운동장,299,HM810070,03,초급속,100,경상남도 양산시 양산대로 849,"실내체육관 맞은편, 옥외 주차장 ( 위치안내 표시판 바로옆)",35.34851958,129.0354802,TRUE,TRUE,TRUE
경남,양산종합운동장,299,HM810070,02,초급속,200,경상남도 양산시 양산대로 849,"실내체육관 맞은편, 옥외 주차장 ( 위치안내 표시판 바로옆)",35.34851958,129.0354802,TRUE,TRUE,TRUE
경남,양산종합운동장,299,HM810070,01,초급속,200,경상남도 양산시 양산대로 849,"실내체육관 맞은편, 옥외 주차장 ( 위치안내 표시판 바로옆)",35.34851958,129.0354802,TRUE,TRUE,TRUE
경남,웅상출장소,299,HM810075,02,초급속,200,경상남도 양산시 진등길 40,옥외주차장,35.3951066,129.1554577,TRUE,TRUE,FALSE
경남,웅상출장소,299,HM810075,01,초급속,200,경상남도 양산시 진등길 40,옥외주차장,35.3951066,129.1554577,TRUE,TRUE,FALSE
경남,가야대학교,253,HM810078,01,급속,50,경상남도 김해시 삼계로 208,대강당 앞 주차장,35.2698163,128.872321,TRUE,FALSE,FALSE
경남,경상남도 남해소방서,280,HM810086,02,초급속,100,경상남도 남해군 남해읍 스포츠로 81,,34.82943425,127.892852,TRUE,TRUE,TRUE
경남,경상남도 남해소방서,280,HM810086,01,초급속,100,경상남도 남해군 남해읍 스포츠로 81,,34.82943425,127.892852,TRUE,TRUE,TRUE
경남,이순신인물체험공원,299,HM810133,02,초급속,100,경상남도 남해군 고현면 차면리 843,옥외주차장,34.9105422,127.8587627,TRUE,TRUE,TRUE
경남,이순신인물체험공원,299,HM810133,01,초급속,100,경상남도 남해군 고현면 차면리 843,옥외주차장,34.9105422,127.8587627,FALSE,TRUE,TRUE
부산,부산 W 스퀘어,299,HM000051,06,초급속,100,부산광역시 남구 분포로 145,"지하2층 G08,G09,G10,G11기둥",35.1342111,129.1125583,FALSE,TRUE,FALSE
부산,부산 W 스퀘어,299,HM000051,05,초급속,100,부산광역시 남구 분포로 145,"지하2층 G08,G09,G10,G11기둥",35.1342111,129.1125583,FALSE,TRUE,FALSE
부산,부산 W 스퀘어,299,HM000051,04,초급속,100,부산광역시 남구 분포로 145,"지하2층 G08,G09,G10,G11기둥",35.1342111,129.1125583,FALSE,TRUE,FALSE
부산,부산 W 스퀘어,299,HM000051,03,초급속,100,부산광역시 남구 분포로 145,"지하2층 G08,G09,G10,G11기둥",35.1342111,129.1125583,FALSE,TRUE,FALSE
부산,부산 W 스퀘어,299,HM000051,02,초급속,100,부산광역시 남구 분포로 145,"지하2층 G08,G09,G10,G11기둥",35.1342111,129.1125583,FALSE,TRUE,FALSE
부산,부산 W 스퀘어,299,HM000051,01,초급속,100,부산광역시 남구 분포로 145,"지하2층 G08,G09,G10,G11기둥",35.1342111,129.1125583,FALSE,TRUE,FALSE
부산,부산은행 본점,253,HM000052,02,초급속,100,부산광역시 남구 문현금융로 30,지하2층 F09기둥,35.1455018,129.0658235,FALSE,TRUE,TRUE
부산,부산은행 본점,253,HM000052,01,초급속,100,부산광역시 남구 문현금융로 30,지하2층 F09기둥,35.1455018,129.0658235,FALSE,TRUE,TRUE
부산,가덕휴게소,299,HM001052,04,초급속,100,부산광역시 강서구 거가대로 2571,주차장,35.02284267,128.8078707,TRUE,TRUE,TRUE
부산,가덕휴게소,299,HM001052,03,초급속,100,부산광역시 강서구 거가대로 2571,주차장,35.02284267,128.8078707,TRUE,TRUE,TRUE
부산,가덕휴게소,299,HM001052,02,초급속,100,부산광역시 강서구 거가대로 2571,주차장,35.02284267,128.8078707,TRUE,TRUE,TRUE
부산,가덕휴게소,299,HM001052,01,초급속,100,부산광역시 강서구 거가대로 2571,주차장,35.02284267,128.8078707,TRUE,TRUE,TRUE
부산,중구청 용두산공원공영주차장,299,HM001305,02,초급속,100,부산광역시 중구 대청로 120,,35.10261873,129.0329935,TRUE,TRUE,TRUE
부산,중구청 용두산공원공영주차장,299,HM001305,01,초급속,100,부산광역시 중구 대청로 120,,35.10261873,129.0329935,TRUE,TRUE,TRUE
부산,중구청 자갈치공영주차장,299,HM001306,02,초급속,100,부산광역시 중구 구덕로 93,,35.09643848,129.0260079,FALSE,TRUE,TRUE
부산,중구청 자갈치공영주차장,299,HM001306,01,초급속,100,부산광역시 중구 구덕로 93,,35.09643848,129.0260079,FALSE,TRUE,TRUE
부산,중구청 대청공원공영주차장,253,HM001307,02,초급속,100,부산광역시 중구 망양로 333,,35.10752356,129.0296274,TRUE,TRUE,TRUE
부산,중구청 대청공원공영주차장,253,HM001307,01,초급속,100,부산광역시 중구 망양로 333,,35.10752356,129.0296274,TRUE,TRUE,TRUE
부산,부산진세무서,299,HM001310,02,초급속,100,부산광역시 동구 진성로 23,지상 입구 좌측,35.13042844,129.0467389,TRUE,TRUE,TRUE
부산,부산진세무서,299,HM001310,01,초급속,100,부산광역시 동구 진성로 23,지상 입구 좌측,35.13042844,129.0467389,TRUE,TRUE,TRUE
부산,북부산세무서,299,HM001401,02,초급속,100,부산광역시 사상구 학감대로 263,지상1층 건물 본관 좌측 외부주차장,35.15465879,128.9902751,TRUE,TRUE,TRUE
부산,북부산세무서,299,HM001401,01,초급속,100,부산광역시 사상구 학감대로 263,지상1층 건물 본관 좌측 외부주차장,35.15465879,128.9902751,TRUE,TRUE,TRUE
부산,한국해양과학기술원,253,HM001481,02,초급속,100,부산광역시 영도구 해양로 385,"지상 본관동 야외주차장, 제1~8연구동 야외주차장",35.07578316,129.0787089,TRUE,TRUE,TRUE
부산,한국해양과학기술원,253,HM001481,01,초급속,100,부산광역시 영도구 해양로 385,"지상 본관동 야외주차장, 제1~8연구동 야외주차장",35.07578316,129.0787089,TRUE,TRUE,TRUE
부산,부산과학기술대학교,253,HM001522,10,초급속,100,부산광역시 북구 시랑로132번길 88,학생복지센터 옆 1층 주차장,35.19419451,129.0053031,TRUE,TRUE,TRUE
부산,부산과학기술대학교,253,HM001522,09,초급속,100,부산광역시 북구 시랑로132번길 88,학생복지센터 옆 1층 주차장,35.19419451,129.0053031,TRUE,TRUE,TRUE
부산,삼신전문장례식장,253,HM001530,04,초급속,100,부산광역시 사상구 대동로 261,장례식장 주차건물 옥상,35.15087745,128.9851741,FALSE,TRUE,TRUE
부산,삼신전문장례식장,253,HM001530,03,초급속,100,부산광역시 사상구 대동로 261,장례식장 주차건물 옥상,35.15087745,128.9851741,FALSE,TRUE,TRUE
부산,빌라쥬 드 아난티,299,HM001675,16,초급속,100,부산광역시 기장군 기장읍 기장해안로 267-17,,35.19979107,129.2220298,FALSE,TRUE,TRUE
부산,빌라쥬 드 아난티,299,HM001675,15,초급속,100,부산광역시 기장군 기장읍 기장해안로 267-17,,35.19979107,129.2220298,FALSE,TRUE,TRUE
부산,빌라쥬 드 아난티,299,HM001675,10,초급속,100,부산광역시 기장군 기장읍 기장해안로 267-17,,35.19979107,129.2220298,FALSE,TRUE,TRUE
부산,빌라쥬 드 아난티,299,HM001675,09,초급속,100,부산광역시 기장군 기장읍 기장해안로 267-17,,35.19979107,129.2220298,FALSE,TRUE,TRUE
부산,부산광역시 인재개발원,299,HM001778,10,초급속,100,부산광역시 북구 효열로 256,옥외주차장,35.26815914,129.0211665,TRUE,TRUE,TRUE
부산,부산광역시 인재개발원,299,HM001778,09,초급속,100,부산광역시 북구 효열로 256,옥외주차장,35.26815914,129.0211665,TRUE,TRUE,TRUE
부산,힐탑프리미엄아울렛,253,HM001784,06,초급속,100,부산광역시 기장군 장안읍 정관로 1142,지상 3층 주차장,35.3211189,129.2355229,FALSE,TRUE,TRUE
부산,힐탑프리미엄아울렛,253,HM001784,05,초급속,100,부산광역시 기장군 장안읍 정관로 1142,지상 3층 주차장,35.3211189,129.2355229,FALSE,TRUE,TRUE
부산,부산외국어대학교,253,HM800134,02,초급속,100,부산광역시 금정구 금샘로485번길 65,"D동,I동 옥외주차장",35.26618949,129.0805533,TRUE,TRUE,TRUE
부산,부산외국어대학교,253,HM800134,01,초급속,100,부산광역시 금정구 금샘로485번길 65,"D동,I동 옥외주차장",35.26618949,129.0805533,TRUE,TRUE,TRUE
부산,이케아 동부산점 고객용,299,HM810091,04,초급속,100,부산광역시 기장군 기장읍 동부산관광3로 17,"P1_A1 기둥, P1_출구 좌측, P2_ B28 기둥",35.19028489,129.2102711,TRUE,TRUE,TRUE
부산,이케아 동부산점 고객용,299,HM810091,03,초급속,100,부산광역시 기장군 기장읍 동부산관광3로 17,"P1_A1 기둥, P1_출구 좌측, P2_ B28 기둥",35.19028489,129.2102711,TRUE,TRUE,TRUE
부산,이케아 동부산점 고객용,299,HM810091,02,초급속,100,부산광역시 기장군 기장읍 동부산관광3로 17,"P1_A1 기둥, P1_출구 좌측, P2_ B28 기둥",35.19028489,129.2102711,FALSE,TRUE,TRUE
부산,이케아 동부산점 고객용,299,HM810091,01,초급속,100,부산광역시 기장군 기장읍 동부산관광3로 17,"P1_A1 기둥, P1_출구 좌측, P2_ B28 기둥",35.19028489,129.2102711,FALSE,TRUE,TRUE
부산,아난티 앳 부산코브 (기장힐튼),299,HM810095,02,초급속,100,부산광역시 기장군 기장읍 기장해안로 268-32,,35.19819306,129.2285839,FALSE,TRUE,TRUE
부산,아난티 앳 부산코브 (기장힐튼),299,HM810095,01,초급속,100,부산광역시 기장군 기장읍 기장해안로 268-32,,35.19819306,129.2285839,FALSE,TRUE,TRUE
부산,해운대L7호텔,299,HM810097,01,급속,50,부산광역시 해운대구 해운대해변로265번길 9-15,지하2층 주차장,35.16044974,129.1600383,FALSE,FALSE,TRUE
부산,영락공원,299,HM810113,02,초급속,100,부산광역시 금정구 금정도서관로 108,,35.27372233,129.1042094,TRUE,TRUE,TRUE
부산,영락공원,299,HM810113,01,초급속,100,부산광역시 금정구 금정도서관로 108,,35.27372233,129.1042094,TRUE,TRUE,TRUE
부산,부산환경공단 위생사업소,299,HM810129,01,급속,50,부산광역시 사상구 낙동대로943번길 157,,35.1362825,128.9683431,TRUE,FALSE,TRUE
울산,울산광역시 남구청,299,HM001131,02,초급속,100,울산광역시 남구 돋질로 233,지상 옥외 정문 우측,35.54373999,129.3295216,TRUE,TRUE,TRUE
울산,울산광역시 남구청,299,HM001131,01,초급속,100,울산광역시 남구 돋질로 233,지상 옥외 정문 우측,35.54373999,129.3295216,TRUE,TRUE,TRUE
울산,울산과학기술원(UNIST)-114,253,HM001137,02,초급속,100,울산광역시 울주군 언양읍 유니스트길 50,지상 114동,35.57730714,129.1876189,TRUE,TRUE,TRUE
울산,울산과학기술원(UNIST)-114,253,HM001137,01,초급속,100,울산광역시 울주군 언양읍 유니스트길 50,지상 114동,35.57730714,129.1876189,TRUE,TRUE,TRUE
울산,울산지방법원(옥외),299,HM001143,02,초급속,100,울산광역시 남구 법대로 55,지상 우측 끝,35.53940496,129.2870738,TRUE,TRUE,TRUE
울산,울산지방법원(옥외),299,HM001143,01,초급속,100,울산광역시 남구 법대로 55,지상 우측 끝,35.53940496,129.2870738,TRUE,TRUE,TRUE
울산,울산대공원(남문주차장),253,HM001144,04,초급속,100,울산광역시 남구 대공원로 94,,35.53098415,129.2939195,TRUE,TRUE,TRUE
울산,울산대공원(남문주차장),253,HM001144,03,초급속,100,울산광역시 남구 대공원로 94,,35.53098415,129.2939195,TRUE,TRUE,TRUE
울산,울산대공원(남문주차장),253,HM001144,02,초급속,100,울산광역시 남구 대공원로 94,,35.53098415,129.2939195,TRUE,TRUE,TRUE
울산,울산대공원(남문주차장),253,HM001144,01,초급속,100,울산광역시 남구 대공원로 94,,35.53098415,129.2939195,TRUE,TRUE,TRUE
울산,울산대공원(정문주차장),299,HM001145,04,초급속,100,울산광역시 남구 대공원로 94,,35.53098415,129.2939195,TRUE,TRUE,TRUE
울산,울산대공원(정문주차장),299,HM001145,03,초급속,100,울산광역시 남구 대공원로 94,,35.53098415,129.2939195,TRUE,TRUE,TRUE
울산,울산대공원(정문주차장),299,HM001145,02,초급속,100,울산광역시 남구 대공원로 94,,35.53098415,129.2939195,TRUE,TRUE,TRUE
울산,울산대공원(정문주차장),299,HM001145,01,초급속,100,울산광역시 남구 대공원로 94,,35.53098415,129.2939195,TRUE,TRUE,TRUE
울산,농수산물도매시장,299,HM001147,02,초급속,100,울산광역시 남구 삼산로 324,지상 옥외 정문 좌우측,35.53800266,129.3417565,TRUE,TRUE,TRUE
울산,농수산물도매시장,299,HM001147,01,초급속,100,울산광역시 남구 삼산로 324,지상 옥외 정문 좌우측,35.53800266,129.3417565,TRUE,TRUE,TRUE
울산,하나로마트 농협울산유통센터,299,HM001148,02,초급속,100,울산광역시 북구 진장유통로 90,정문 지나 좌측주차장,35.57911086,129.3587525,TRUE,TRUE,TRUE
울산,하나로마트 농협울산유통센터,299,HM001148,01,초급속,100,울산광역시 북구 진장유통로 90,정문 지나 좌측주차장,35.57911086,129.3587525,TRUE,TRUE,TRUE
울산,타이거렌트카,299,HM001163,02,초급속,100,울산광역시 남구 산업로643번길 17,옥외,35.5385849,129.3497266,TRUE,TRUE,TRUE
울산,타이거렌트카,299,HM001163,01,초급속,100,울산광역시 남구 산업로643번길 17,옥외,35.5385849,129.3497266,TRUE,TRUE,TRUE
울산,선암호수공원3주차장,299,HM001165,02,초급속,100,울산광역시 남구 선암동 464,,35.51752297,129.3235792,TRUE,TRUE,TRUE
울산,선암호수공원3주차장,299,HM001165,01,초급속,100,울산광역시 남구 선암동 464,,35.51752297,129.3235792,TRUE,TRUE,TRUE
울산,남구 국민체육센터,299,HM001167,02,초급속,100,울산광역시 남구 여천로 38,지상 옥외 남구 국민체육센터 입간판 옆,35.5228397,129.3379616,TRUE,TRUE,TRUE
울산,남구 국민체육센터,299,HM001167,01,초급속,100,울산광역시 남구 여천로 38,지상 옥외 남구 국민체육센터 입간판 옆,35.5228397,129.3379616,TRUE,TRUE,TRUE
울산,슬도공영주차장,299,HM001168,02,초급속,100,울산광역시 동구 성끝길 106,입구 우측,35.48062672,129.4324566,TRUE,TRUE,TRUE
울산,슬도공영주차장,299,HM001168,01,초급속,100,울산광역시 동구 성끝길 106,입구 우측,35.48062672,129.4324566,TRUE,TRUE,TRUE
울산,서부동공영주차장,280,HM001169,06,급속,50,울산광역시 동구 서부로 40,,35.52466223,129.4248463,FALSE,FALSE,TRUE
울산,울산광역시 북구청,299,HM001170,02,초급속,100,울산광역시 북구 산업로 1010,출입구 왼쪽,35.58270742,129.3612536,TRUE,TRUE,TRUE
울산,울산광역시 북구청,299,HM001170,01,초급속,100,울산광역시 북구 산업로 1010,출입구 왼쪽,35.58270742,129.3612536,TRUE,TRUE,TRUE
울산,울산대학교(학생회관),253,HM001171,02,초급속,100,울산광역시 남구 대학로 93,우편취급국 앞,35.54183712,129.2574253,TRUE,TRUE,TRUE
울산,울산대학교(학생회관),253,HM001171,01,초급속,100,울산광역시 남구 대학로 93,우편취급국 앞,35.54183712,129.2574253,TRUE,TRUE,TRUE
울산,울산대학교(사회과학관),253,HM001172,02,초급속,100,울산광역시 남구 대학로 93,지상 입구 정면 화단,35.54183712,129.2574253,TRUE,TRUE,TRUE
울산,울산대학교(사회과학관),253,HM001172,01,초급속,100,울산광역시 남구 대학로 93,지상 입구 정면 화단,35.54183712,129.2574253,TRUE,TRUE,TRUE
울산,울산전시컨벤션센터,299,HM001175,02,초급속,100,울산광역시 울주군 삼남읍 울산역로 255,옥외주차장,35.55561815,129.1316552,TRUE,TRUE,FALSE
울산,울산전시컨벤션센터,299,HM001175,01,초급속,100,울산광역시 울주군 삼남읍 울산역로 255,옥외주차장,35.55561815,129.1316552,TRUE,TRUE,FALSE
울산,시립문수궁도장,299,HM001181,02,초급속,100,울산광역시 남구 남부순환도로 555,,35.52191169,129.3009395,TRUE,TRUE,TRUE
울산,시립문수궁도장,299,HM001181,01,초급속,100,울산광역시 남구 남부순환도로 555,,35.52191169,129.3009395,TRUE,TRUE,TRUE
울산,고래박물관,299,HM001184,02,초급속,100,울산광역시 남구 장생포고래로 244,지상 옥외 장생포야구장 입간판 옆,35.50273782,129.38079,TRUE,TRUE,TRUE
울산,고래박물관,299,HM001184,01,초급속,100,울산광역시 남구 장생포고래로 244,지상 옥외 장생포야구장 입간판 옆,35.50273782,129.38079,TRUE,TRUE,TRUE
울산,울산병원앞 공영주차장,299,HM001197,02,초급속,100,울산광역시 남구 신정로148번길 47,,35.54625492,129.3235055,TRUE,TRUE,TRUE
울산,울산병원앞 공영주차장,299,HM001197,01,초급속,100,울산광역시 남구 신정로148번길 47,,35.54625492,129.3235055,TRUE,TRUE,TRUE
울산,번영교하부주차장,299,HM001198,02,초급속,100,울산광역시 남구 신정동 1732-222,옥외주차장,35.55222324,129.3233199,TRUE,TRUE,TRUE
울산,번영교하부주차장,299,HM001198,01,초급속,100,울산광역시 남구 신정동 1732-222,옥외주차장,35.55222324,129.3233199,TRUE,TRUE,TRUE
울산,대학길 제1 공영주차장,299,HM001205,02,초급속,100,울산광역시 동구 대학길 72,도로변,35.49700873,129.4185541,TRUE,TRUE,TRUE
울산,대학길 제1 공영주차장,299,HM001205,01,초급속,100,울산광역시 동구 대학길 72,도로변,35.49700873,129.4185541,TRUE,TRUE,TRUE
울산,일산유원지 공영주차장,299,HM001207,02,초급속,100,울산광역시 동구 일산진11길 31,입구 좌측,35.49808836,129.4307389,TRUE,TRUE,TRUE
울산,일산유원지 공영주차장,299,HM001207,01,초급속,100,울산광역시 동구 일산진11길 31,입구 좌측,35.49808836,129.4307389,TRUE,TRUE,TRUE
울산,문화의거리 공영주차장,280,HM001219,02,초급속,100,울산광역시 중구 중앙길 165,,35.55655827,129.3223694,FALSE,TRUE,TRUE
울산,문화의거리 공영주차장,280,HM001219,01,초급속,100,울산광역시 중구 중앙길 165,,35.55655827,129.3223694,FALSE,TRUE,TRUE
울산,반구공영주차장,280,HM001220,02,초급속,100,울산광역시 중구 반구정14길 13,지상2층 왼쪽 안쪽,35.55838524,129.3434173,FALSE,TRUE,TRUE
울산,반구공영주차장,280,HM001220,01,초급속,100,울산광역시 중구 반구정14길 13,지상2층 왼쪽 안쪽,35.55838524,129.3434173,FALSE,TRUE,TRUE
울산,옥교공영주차장,299,HM001222,04,초급속,100,울산광역시 중구 번영로 319,,35.55382471,129.3226321,FALSE,TRUE,TRUE
울산,옥교공영주차장,299,HM001222,03,초급속,100,울산광역시 중구 번영로 319,,35.55382471,129.3226321,FALSE,TRUE,TRUE
울산,옥교공영주차장,299,HM001222,02,초급속,100,울산광역시 중구 번영로 319,,35.55382471,129.3226321,FALSE,TRUE,TRUE
울산,옥교공영주차장,299,HM001222,01,초급속,100,울산광역시 중구 번영로 319,,35.55382471,129.3226321,FALSE,TRUE,TRUE
울산,복선교통㈜,270,HM001239,06,초급속,100,울산광역시 울주군 언양읍 신흥2길 20,,35.57627699,129.1362262,TRUE,TRUE,TRUE
울산,복선교통㈜,270,HM001239,05,초급속,100,울산광역시 울주군 언양읍 신흥2길 20,,35.57627699,129.1362262,TRUE,TRUE,TRUE
울산,복선교통㈜,270,HM001239,04,초급속,100,울산광역시 울주군 언양읍 신흥2길 20,,35.57627699,129.1362262,TRUE,TRUE,TRUE
울산,복선교통㈜,270,HM001239,03,초급속,100,울산광역시 울주군 언양읍 신흥2길 20,,35.57627699,129.1362262,TRUE,TRUE,TRUE
울산,늘푸른택시㈜,270,HM001240,07,초급속,100,울산광역시 남구 온산로 830,지상 옥외 입구 우측,35.50029297,129.3082431,TRUE,TRUE,TRUE
울산,늘푸른택시㈜,270,HM001240,06,초급속,100,울산광역시 남구 온산로 830,지상 옥외 입구 우측,35.50029297,129.3082431,TRUE,TRUE,TRUE
울산,늘푸른택시㈜,270,HM001240,05,초급속,100,울산광역시 남구 온산로 830,지상 옥외 입구 우측,35.50029297,129.3082431,TRUE,TRUE,TRUE
울산,늘푸른택시㈜,270,HM001240,04,초급속,100,울산광역시 남구 온산로 830,지상 옥외 입구 우측,35.50029297,129.3082431,TRUE,TRUE,TRUE
울산,대흥택시㈜,270,HM001241,05,초급속,100,울산광역시 남구 여천로 69,지상 옥외 입구 좌측,35.52459111,129.3412846,TRUE,TRUE,TRUE
울산,대흥택시㈜,270,HM001241,04,초급속,100,울산광역시 남구 여천로 69,지상 옥외 입구 좌측,35.52459111,129.3412846,TRUE,TRUE,TRUE
울산,대흥택시㈜,270,HM001241,03,초급속,100,울산광역시 남구 여천로 69,지상 옥외 입구 좌측,35.52459111,129.3412846,TRUE,TRUE,TRUE
울산,대흥택시㈜,270,HM001241,02,초급속,100,울산광역시 남구 여천로 69,지상 옥외 입구 좌측,35.52459111,129.3412846,TRUE,TRUE,TRUE
울산,천사교통㈜,270,HM001242,06,초급속,100,울산광역시 남구 장생포로376번길 1,,35.50822462,129.3817292,TRUE,TRUE,TRUE
울산,천사교통㈜,270,HM001242,05,초급속,100,울산광역시 남구 장생포로376번길 1,,35.50822462,129.3817292,TRUE,TRUE,TRUE
울산,천사교통㈜,270,HM001242,04,초급속,100,울산광역시 남구 장생포로376번길 1,,35.50822462,129.3817292,TRUE,TRUE,TRUE
울산,천사교통㈜,270,HM001242,03,초급속,100,울산광역시 남구 장생포로376번길 1,,35.50822462,129.3817292,TRUE,TRUE,TRUE
울산,천사택시㈜,270,HM001243,04,초급속,100,울산광역시 남구 장생포로376번길 1,,35.50822462,129.3817292,TRUE,TRUE,TRUE
울산,천사택시㈜,270,HM001243,03,초급속,100,울산광역시 남구 장생포로376번길 1,,35.50822462,129.3817292,TRUE,TRUE,TRUE
울산,천사택시㈜,270,HM001243,02,초급속,100,울산광역시 남구 장생포로376번길 1,,35.50822462,129.3817292,TRUE,TRUE,TRUE
울산,천사택시㈜,270,HM001243,01,초급속,100,울산광역시 남구 장생포로376번길 1,,35.50822462,129.3817292,TRUE,TRUE,TRUE
울산,이화교통,270,HM001244,04,초급속,100,울산광역시 남구 장생포로376번길 7,,35.50809238,129.3816996,TRUE,TRUE,TRUE
울산,이화교통,270,HM001244,03,초급속,100,울산광역시 남구 장생포로376번길 7,,35.50809238,129.3816996,TRUE,TRUE,TRUE
울산,이화교통,270,HM001244,02,초급속,100,울산광역시 남구 장생포로376번길 7,,35.50809238,129.3816996,TRUE,TRUE,TRUE
울산,이화교통,270,HM001244,01,초급속,100,울산광역시 남구 장생포로376번길 7,,35.50809238,129.3816996,TRUE,TRUE,TRUE
울산,㈜한승택시,270,HM001245,06,초급속,100,울산광역시 북구 송도길 27,출입구 앞,35.56339517,129.3704997,TRUE,TRUE,TRUE
울산,㈜한승택시,270,HM001245,05,초급속,100,울산광역시 북구 송도길 27,출입구 앞,35.56339517,129.3704997,TRUE,TRUE,TRUE
울산,㈜한승택시,270,HM001245,04,초급속,100,울산광역시 북구 송도길 27,출입구 앞,35.56339517,129.3704997,TRUE,TRUE,TRUE
울산,㈜한승택시,270,HM001245,03,초급속,100,울산광역시 북구 송도길 27,출입구 앞,35.56339517,129.3704997,TRUE,TRUE,TRUE
울산,해오름교통,270,HM001246,05,초급속,100,울산광역시 북구 진장18길 9,입구 우측,35.56622981,129.3549023,TRUE,TRUE,TRUE
울산,해오름교통,270,HM001246,04,초급속,100,울산광역시 북구 진장18길 9,입구 우측,35.56622981,129.3549023,TRUE,TRUE,TRUE
울산,해오름교통,270,HM001246,03,초급속,100,울산광역시 북구 진장18길 9,입구 우측,35.56622981,129.3549023,TRUE,TRUE,TRUE
울산,해오름교통,270,HM001246,02,초급속,100,울산광역시 북구 진장18길 9,입구 우측,35.56622981,129.3549023,TRUE,TRUE,TRUE
울산,영진택시,270,HM001247,06,초급속,100,울산광역시 남구 산업로517번길 22,지상 옥외 정문 좌측,35.52806061,129.3448834,TRUE,TRUE,TRUE
울산,영진택시,270,HM001247,05,초급속,100,울산광역시 남구 산업로517번길 22,지상 옥외 정문 좌측,35.52806061,129.3448834,TRUE,TRUE,TRUE
울산,영진택시,270,HM001247,04,초급속,100,울산광역시 남구 산업로517번길 22,지상 옥외 정문 좌측,35.52806061,129.3448834,TRUE,TRUE,TRUE
울산,영진택시,270,HM001247,03,초급속,100,울산광역시 남구 산업로517번길 22,지상 옥외 정문 좌측,35.52806061,129.3448834,TRUE,TRUE,TRUE
울산,금강산업㈜,270,HM001248,06,초급속,100,울산광역시 남구 산업로 483,,35.52599457,129.3447794,TRUE,TRUE,TRUE
울산,금강산업㈜,270,HM001248,05,초급속,100,울산광역시 남구 산업로 483,,35.52599457,129.3447794,TRUE,TRUE,TRUE
울산,금강산업㈜,270,HM001248,04,초급속,100,울산광역시 남구 산업로 483,,35.52599457,129.3447794,TRUE,TRUE,TRUE
울산,금강산업㈜,270,HM001248,03,초급속,100,울산광역시 남구 산업로 483,,35.52599457,129.3447794,TRUE,TRUE,TRUE
울산,동신교통,270,HM001250,02,초급속,100,울산광역시 남구 삼산로93번길 16-16,지상 옥외 입구 좌측,35.53646928,129.318319,TRUE,TRUE,TRUE
울산,동신교통,270,HM001250,01,초급속,100,울산광역시 남구 삼산로93번길 16-16,지상 옥외 입구 좌측,35.53646928,129.318319,TRUE,TRUE,TRUE
울산,울산광역시청,299,HM001327,06,초급속,100,울산광역시 남구 중앙로 201,지상 옥외 흡연부스 앞,35.5379473,129.3112566,TRUE,TRUE,TRUE
울산,울산광역시청,299,HM001327,05,초급속,100,울산광역시 남구 중앙로 201,지상 옥외 흡연부스 앞,35.5379473,129.3112566,TRUE,TRUE,TRUE
울산,울산광역시청,299,HM001327,04,초급속,100,울산광역시 남구 중앙로 201,지상 옥외 흡연부스 앞,35.5379473,129.3112566,TRUE,TRUE,TRUE
울산,울산광역시청,299,HM001327,03,초급속,100,울산광역시 남구 중앙로 201,지상 옥외 흡연부스 앞,35.5379473,129.3112566,TRUE,TRUE,TRUE
울산,울산광역시청,299,HM001327,02,초급속,100,울산광역시 남구 중앙로 201,지상 옥외 흡연부스 앞,35.5379473,129.3112566,TRUE,TRUE,TRUE
울산,울산광역시청,299,HM001327,01,초급속,100,울산광역시 남구 중앙로 201,지상 옥외 흡연부스 앞,35.5379473,129.3112566,TRUE,TRUE,TRUE
울산,태화강 국가정원(중구청 부지) 노상주차장,299,HM001328,02,초급속,100,울산광역시 중구 태화강국가정원길 75,지상1층 태화강 국가정원길75 맞은편,35.55764055,129.3062328,TRUE,TRUE,TRUE
울산,태화강 국가정원(중구청 부지) 노상주차장,299,HM001328,01,초급속,100,울산광역시 중구 태화강국가정원길 75,지상1층 태화강 국가정원길75 맞은편,35.55764055,129.3062328,TRUE,TRUE,TRUE
울산,문수국제양궁장,299,HM001329,02,초급속,100,울산광역시 남구 남부순환도로 209,지상 옥외 주차장 입구 정면 끝,35.53117648,129.2719023,TRUE,TRUE,TRUE
울산,문수국제양궁장,299,HM001329,01,초급속,100,울산광역시 남구 남부순환도로 209,지상 옥외 주차장 입구 정면 끝,35.53117648,129.2719023,TRUE,TRUE,TRUE
울산,야음테니스장,299,HM001330,02,초급속,100,울산광역시 남구 화합로31번길 66,지상 옥외 입구 좌측,35.52683284,129.3387277,TRUE,TRUE,TRUE
울산,야음테니스장,299,HM001330,01,초급속,100,울산광역시 남구 화합로31번길 66,지상 옥외 입구 좌측,35.52683284,129.3387277,TRUE,TRUE,TRUE
울산,송정복합문화센터,253,HM001385,01,급속,50,울산광역시 북구 화산로 89,지하1층,35.59997085,129.3656381,FALSE,FALSE,FALSE
울산,울산동구청 (충전기 교체예정),299,HM001433,02,초급속,100,울산광역시 동구 봉수로 155,,35.50506971,129.41643,TRUE,TRUE,TRUE
울산,울산동구청 (충전기 교체예정),299,HM001433,01,초급속,100,울산광역시 동구 봉수로 155,,35.50506971,129.41643,TRUE,TRUE,TRUE
울산,평창현대앞공영주차장,299,HM001439,02,초급속,100,울산광역시 남구 삼산동 1572,,35.54152927,129.3370561,TRUE,TRUE,TRUE
울산,평창현대앞공영주차장,299,HM001439,01,초급속,100,울산광역시 남구 삼산동 1572,,35.54152927,129.3370561,TRUE,TRUE,TRUE
울산,양정수양버들공영주차장,280,HM001440,02,초급속,100,울산광역시 북구 양정동 542-9,입구 좌측,35.54219216,129.3867247,TRUE,TRUE,TRUE
울산,양정수양버들공영주차장,280,HM001440,01,초급속,100,울산광역시 북구 양정동 542-9,입구 좌측,35.54219216,129.3867247,TRUE,TRUE,TRUE
울산,강북교육지원청,299,HM001539,02,초급속,100,울산광역시 북구 산업로 1015,,35.58398931,129.3586656,TRUE,TRUE,TRUE
울산,강북교육지원청,299,HM001539,01,초급속,100,울산광역시 북구 산업로 1015,,35.58398931,129.3586656,TRUE,TRUE,TRUE
울산,울주도서관,299,HM001542,02,초급속,100,울산광역시 울주군 언양읍 언양로 109,,35.55843779,129.137733,TRUE,TRUE,TRUE
울산,울주도서관,299,HM001542,01,초급속,100,울산광역시 울주군 언양읍 언양로 109,,35.55843779,129.137733,TRUE,TRUE,TRUE
울산,학생교육문화회관(옥외),299,HM001543,02,초급속,100,울산광역시 중구 곽남길 95,지상1층 지하주차장 입구 왼쪽,35.57360479,129.3382716,TRUE,TRUE,TRUE
울산,학생교육문화회관(옥외),299,HM001543,01,초급속,100,울산광역시 중구 곽남길 95,지상1층 지하주차장 입구 왼쪽,35.57360479,129.3382716,TRUE,TRUE,TRUE
울산,울산시티병원,299,HM001786,05,초급속,100,울산광역시 북구 산업로 1007,"이디야커피 후면 지상주차장, 장례식장 주차장",35.58281565,129.3590176,TRUE,TRUE,TRUE
울산,울산시티병원,299,HM001786,04,초급속,100,울산광역시 북구 산업로 1007,"이디야커피 후면 지상주차장, 장례식장 주차장",35.58281565,129.3590176,TRUE,TRUE,TRUE
울산,주식회사디아너스(파크애비뉴),253,HM110037,02,초급속,100,울산광역시 남구 선암동 729,지하1층주차장,35.51140774,129.3100778,FALSE,TRUE,TRUE
울산,주식회사디아너스(파크애비뉴),253,HM110037,01,초급속,100,울산광역시 남구 선암동 729,지하1층주차장,35.51140774,129.3100778,FALSE,TRUE,TRUE
울산,울산안전체험관,280,HM700025,02,초급속,100,울산광역시 북구 정자동 479-1 울산안전체험관,옥외주차장,35.61769585,129.4403174,TRUE,TRUE,TRUE
울산,울산안전체험관,280,HM700025,01,초급속,100,울산광역시 북구 정자동 479-1 울산안전체험관,옥외주차장,35.61769585,129.4403174,TRUE,TRUE,TRUE
울산,굿모닝병원,299,HM700026,02,초급속,100,울산광역시 남구 삼산로 110,옥외주차장,35.53494,129.3198491,TRUE,TRUE,TRUE
울산,굿모닝병원,299,HM700026,01,초급속,100,울산광역시 남구 삼산로 110,옥외주차장,35.53494,129.3198491,TRUE,TRUE,TRUE
울산,울산지방검찰청,253,HM700027,02,초급속,100,울산광역시 남구 법대로 45,옥외주차장,35.5395678,129.2850652,TRUE,TRUE,TRUE
울산,울산지방검찰청,253,HM700027,01,초급속,100,울산광역시 남구 법대로 45,옥외주차장,35.5395678,129.2850652,TRUE,TRUE,TRUE
울산,울산경제진흥원,299,HM700033,02,초급속,100,울산광역시 북구 산업로 915,옥외주차장,35.5712398,129.3601096,TRUE,TRUE,TRUE
울산,울산경제진흥원,299,HM700033,01,초급속,100,울산광역시 북구 산업로 915,옥외주차장,35.5712398,129.3601096,TRUE,TRUE,TRUE
울산,두서화랑체육공원,299,HM700034,02,초급속,100,울산광역시 울주군 두서면 서하천전로 76,옥외주차장,35.62778298,129.1615263,TRUE,TRUE,TRUE
울산,두서화랑체육공원,299,HM700034,01,초급속,100,울산광역시 울주군 두서면 서하천전로 76,옥외주차장,35.62778298,129.1615263,TRUE,TRUE,TRUE
울산,염포운동장,280,HM700035,02,초급속,100,울산광역시 북구 염포동 376 염포운동장,,35.5310053,129.3959858,TRUE,TRUE,TRUE
울산,염포운동장,280,HM700035,01,초급속,100,울산광역시 북구 염포동 376 염포운동장,,35.5310053,129.3959858,TRUE,TRUE,TRUE
울산,웅촌운동장,299,HM700036,02,초급속,100,울산광역시 울주군 웅촌면 새초천길 12-1,실외주차장,35.46139433,129.2093187,TRUE,TRUE,TRUE
울산,웅촌운동장,299,HM700036,01,초급속,100,울산광역시 울주군 웅촌면 새초천길 12-1,실외주차장,35.46139433,129.2093187,TRUE,TRUE,TRUE
울산,범서생활체육공원,299,HM700041,02,초급속,100,울산광역시 울주군 범서읍 천상중앙길 34,옥외주차장,35.5648792,129.2325402,TRUE,TRUE,TRUE
울산,범서생활체육공원,299,HM700041,01,초급속,100,울산광역시 울주군 범서읍 천상중앙길 34,옥외주차장,35.5648792,129.2325402,TRUE,TRUE,TRUE
울산,온산문화체육센터,299,HM700042,02,초급속,100,울산광역시 울주군 온산읍 명봉거남로 46,옥외주차장,35.4392595,129.315526,TRUE,TRUE,TRUE
울산,온산문화체육센터,299,HM700042,01,초급속,100,울산광역시 울주군 온산읍 명봉거남로 46,옥외주차장,35.4392595,129.315526,TRUE,TRUE,TRUE
울산,울산도서관,299,HM700045,02,초급속,100,울산광역시 남구 여천동 1456,옥외주차장 대형캐노피 아래,35.5325434,129.3445644,TRUE,TRUE,TRUE
울산,울산도서관,299,HM700045,01,초급속,100,울산광역시 남구 여천동 1456,옥외주차장 대형캐노피 아래,35.5325434,129.3445644,TRUE,TRUE,TRUE
울산,울산 반려동물 문화센터 애니언파크,280,HM700047,02,초급속,100,울산광역시 북구 호계매곡6로 108,옥외주차장,35.6346067,129.3675938,FALSE,TRUE,TRUE
울산,울산 반려동물 문화센터 애니언파크,280,HM700047,01,초급속,100,울산광역시 북구 호계매곡6로 108,옥외주차장,35.6346067,129.3675938,FALSE,TRUE,TRUE
울산,울산북구장애인복지관,299,HM700051,01,급속,50,울산광역시 북구 호계로 29-5,옥외주차장,35.60836756,129.353844,TRUE,FALSE,FALSE
울산,서울산보람병원,299,HM700054,02,초급속,100,울산광역시 울주군 삼남읍 교동리 1569-1,옥외주차장,35.5602974,129.1208518,TRUE,TRUE,TRUE
울산,서울산보람병원,299,HM700054,01,초급속,100,울산광역시 울주군 삼남읍 교동리 1569-1,옥외주차장,35.5602974,129.1208518,TRUE,TRUE,TRUE
울산,울산보람병원,299,HM700056,02,초급속,100,울산광역시 남구 삼산동 1553-8,옥외주차장,35.54275093,129.3406681,TRUE,TRUE,TRUE
울산,울산보람병원,299,HM700056,01,초급속,100,울산광역시 남구 삼산동 1553-8,옥외주차장,35.54275093,129.3406681,TRUE,TRUE,TRUE
울산,제니스병원,253,HM700057,04,초급속,100,울산광역시 남구 번영로 160,"실내주차장 B4,B5",35.5394836,129.3276031,FALSE,TRUE,TRUE
울산,제니스병원,253,HM700057,03,초급속,100,울산광역시 남구 번영로 160,"실내주차장 B4,B5",35.5394836,129.3276031,FALSE,TRUE,TRUE
울산,제니스병원,253,HM700057,02,초급속,100,울산광역시 남구 번영로 160,"실내주차장 B4,B5",35.5394836,129.3276031,FALSE,TRUE,TRUE
울산,제니스병원,253,HM700057,01,초급속,100,울산광역시 남구 번영로 160,"실내주차장 B4,B5",35.5394836,129.3276031,FALSE,TRUE,TRUE
울산,울주종합체육공원,299,HM700060,02,초급속,100,울산광역시 울주군 삼남읍 교동리 1199-2,,35.5559401,129.1077434,TRUE,TRUE,TRUE
울산,울주종합체육공원,299,HM700060,01,초급속,100,울산광역시 울주군 삼남읍 교동리 1199-2,,35.5559401,129.1077434,TRUE,TRUE,TRUE
울산,울주군민체육관,299,HM700061,02,초급속,100,울산광역시 울주군 언양읍 샘소3길 25,옥외주차장,35.5554394,129.183676,TRUE,TRUE,TRUE
울산,울주군민체육관,299,HM700061,01,초급속,100,울산광역시 울주군 언양읍 샘소3길 25,옥외주차장,35.5554394,129.183676,TRUE,TRUE,TRUE
울산,울산경찰청,280,HM700064,02,초급속,100,울산광역시 중구 성안로 112,옥외주차장,35.57123328,129.3153502,TRUE,TRUE,TRUE
울산,울산경찰청,280,HM700064,01,초급속,100,울산광역시 중구 성안로 112,옥외주차장,35.57123328,129.3153502,TRUE,TRUE,TRUE
울산,함월구민운동장,299,HM700065,02,초급속,100,울산광역시 중구 성안동 산194-3 함월운동장,옥외주차장,35.5779169,129.3080161,FALSE,TRUE,TRUE
울산,함월구민운동장,299,HM700065,01,초급속,100,울산광역시 중구 성안동 산194-3 함월운동장,옥외주차장,35.5779169,129.3080161,FALSE,TRUE,TRUE
울산,진하공영주차장,299,HM700070,02,초급속,100,울산광역시 울주군 서생면 서생리 150,,35.3816636,129.3407192,TRUE,TRUE,TRUE
울산,진하공영주차장,299,HM700070,01,초급속,100,울산광역시 울주군 서생면 서생리 150,,35.3816636,129.3407192,TRUE,TRUE,TRUE
울산,마루공원주차장,253,HM700072,02,초급속,100,울산광역시 울주군 범서읍 천상5길 6-7,옥내 주차장,35.5629526,129.2240538,FALSE,TRUE,TRUE
울산,마루공원주차장,253,HM700072,01,초급속,100,울산광역시 울주군 범서읍 천상5길 6-7,옥내 주차장,35.5629526,129.2240538,FALSE,TRUE,TRUE
울산,남창옹기종기시장공영주차장,299,HM700073,02,초급속,100,울산광역시 울주군 온양읍 남창리 99-1,층수: 옥외 동: - 세부위치(기둥): 옥외주차장,35.4151667,129.284441,FALSE,TRUE,TRUE
울산,남창옹기종기시장공영주차장,299,HM700073,01,초급속,100,울산광역시 울주군 온양읍 남창리 99-1,층수: 옥외 동: - 세부위치(기둥): 옥외주차장,35.4151667,129.284441,FALSE,TRUE,TRUE
울산,영남마을공영주차장,280,HM700074,02,초급속,100,울산광역시 울주군 온산읍 덕신리 1380-8,옥외주차장,35.4407839,129.303874,TRUE,TRUE,TRUE
울산,영남마을공영주차장,280,HM700074,01,초급속,100,울산광역시 울주군 온산읍 덕신리 1380-8,옥외주차장,35.4407839,129.303874,TRUE,TRUE,TRUE
울산,언양공영주차장,299,HM700076,02,초급속,100,울산광역시 울주군 언양읍 남부리 338-5,옥외주차장,35.56241489,129.1296397,TRUE,TRUE,TRUE
울산,언양공영주차장,299,HM700076,01,초급속,100,울산광역시 울주군 언양읍 남부리 338-5,옥외주차장,35.56241489,129.1296397,TRUE,TRUE,TRUE
울산,구영공원공영주차장,299,HM700079,02,초급속,100,울산광역시 울주군 범서읍 점촌4길 86,건물 옥외주차장 2층,35.5724108,129.2415185,FALSE,TRUE,TRUE
울산,구영공원공영주차장,299,HM700079,01,초급속,100,울산광역시 울주군 범서읍 점촌4길 86,건물 옥외주차장 2층,35.5724108,129.2415185,FALSE,TRUE,TRUE
울산,박상진호수공원제1주차장,280,HM700081,02,초급속,100,울산광역시 북구 창평동 40-3,옥외주차장,35.6120634,129.3721975,TRUE,TRUE,TRUE
울산,박상진호수공원제1주차장,280,HM700081,01,초급속,100,울산광역시 북구 창평동 40-3,옥외주차장,35.6120634,129.3721975,TRUE,TRUE,TRUE
울산,상방공원이면노상주차장,253,HM700082,02,초급속,100,울산광역시 북구 연암동 1095-8,,35.5839648,129.3676935,TRUE,TRUE,TRUE
울산,상방공원이면노상주차장,253,HM700082,01,초급속,100,울산광역시 북구 연암동 1095-8,,35.5839648,129.3676935,TRUE,TRUE,TRUE
울산,효문노상주차장,253,HM700083,02,초급속,100,울산광역시 북구 화봉동 961-3,옥외주차장,35.589877,129.371929,TRUE,TRUE,FALSE
울산,효문노상주차장,253,HM700083,01,초급속,100,울산광역시 북구 화봉동 961-3,옥외주차장,35.589877,129.371929,TRUE,TRUE,FALSE
울산,농소운동장,280,HM700084,02,초급속,100,울산광역시 북구 호수중앙로 14,,35.6208171,129.3578398,TRUE,TRUE,TRUE
울산,농소운동장,280,HM700084,01,초급속,100,울산광역시 북구 호수중앙로 14,,35.6208171,129.3578398,TRUE,TRUE,TRUE
울산,송정택지지구공영주차장,299,HM700088,02,초급속,100,울산광역시 북구 송정동 1156,,35.601747,129.3588508,TRUE,TRUE,TRUE
울산,송정택지지구공영주차장,299,HM700088,01,초급속,100,울산광역시 북구 송정동 1156,,35.601747,129.3588508,TRUE,TRUE,TRUE
울산,창업일자리종합센터,299,HM710003,02,초급속,100,울산광역시 울주군 웅촌면 곡천동문길 32,옥외주차장,35.46619422,129.2102347,TRUE,TRUE,TRUE
울산,창업일자리종합센터,299,HM710003,01,초급속,100,울산광역시 울주군 웅촌면 곡천동문길 32,옥외주차장,35.46619422,129.2102347,TRUE,TRUE,TRUE
울산,한국산업안전보건공단,253,HM710006,04,초급속,100,울산광역시 중구 종가로 400,옥외주차장,35.5637754,129.3187518,TRUE,TRUE,TRUE
울산,한국산업안전보건공단,253,HM710006,03,초급속,100,울산광역시 중구 종가로 400,옥외주차장,35.5637754,129.3187518,TRUE,TRUE,TRUE
울산,한국산업안전보건공단,253,HM710006,02,초급속,100,울산광역시 중구 종가로 400,옥외주차장,35.5637754,129.3187518,TRUE,TRUE,TRUE
울산,한국산업안전보건공단,253,HM710006,01,초급속,100,울산광역시 중구 종가로 400,옥외주차장,35.5637754,129.3187518,TRUE,TRUE,TRUE
울산,울산하늘공원 자연장지 주차장,253,HM710011,02,초급속,100,울산광역시 울주군 삼동면 보삼길 550,옥외주차장,35.4709354,129.1338791,TRUE,TRUE,TRUE
울산,울산하늘공원 자연장지 주차장,253,HM710011,01,초급속,100,울산광역시 울주군 삼동면 보삼길 550,옥외주차장,35.4709354,129.1338791,TRUE,TRUE,TRUE
울산,울산공항,280,HM710030,04,초급속,100,울산광역시 북구 산업로 1103,,35.594431,129.356385,TRUE,TRUE,TRUE
울산,울산공항,280,HM710030,03,초급속,100,울산광역시 북구 산업로 1103,,35.594431,129.356385,TRUE,TRUE,TRUE
울산,울산공항,280,HM710030,02,초급속,100,울산광역시 북구 산업로 1103,,35.594431,129.356385,TRUE,TRUE,TRUE
울산,울산공항,280,HM710030,01,초급속,100,울산광역시 북구 산업로 1103,,35.594431,129.356385,TRUE,TRUE,TRUE
울산,반구대 암각화 주차장,253,HM710050,02,초급속,100,울산광역시 울주군 두동면 천전리 368-2,반구대암각화 공영주차장,35.612581,129.157648,FALSE,TRUE,TRUE
울산,반구대 암각화 주차장,253,HM710050,01,초급속,100,울산광역시 울주군 두동면 천전리 368-2,반구대암각화 공영주차장,35.612581,129.157648,FALSE,TRUE,TRUE
울산,HD현대중공업 현대문화예술관,280,HM710060,02,초급속,100,울산광역시 동구 명덕로 12,옥외주차장,35.52292784,129.430907,TRUE,TRUE,TRUE
울산,HD현대중공업 현대문화예술관,280,HM710060,01,초급속,100,울산광역시 동구 명덕로 12,옥외주차장,35.52292784,129.430907,TRUE,TRUE,TRUE
울산,범서대리공영주차장,299,HM710069,02,초급속,100,울산광역시 울주군 범서읍 구영리 216-1,옥외 3층 주차장,35.5715436,129.2433353,FALSE,TRUE,TRUE
울산,범서대리공영주차장,299,HM710069,01,초급속,100,울산광역시 울주군 범서읍 구영리 216-1,옥외 3층 주차장,35.5715436,129.2433353,FALSE,TRUE,TRUE
울산,울산 더 101,253,HM710070,02,초급속,100,울산광역시 남구 테크노산업로55번길 49-20,,35.50976166,129.3015452,FALSE,TRUE,TRUE
울산,울산 더 101,253,HM710070,01,초급속,100,울산광역시 남구 테크노산업로55번길 49-20,,35.50976166,129.3015452,FALSE,TRUE,TRUE
울산,춘해보건대학교 정문,253,HM710071,01,급속,50,울산광역시 울주군 웅촌면 곡천리 677,,35.45833286,129.1959329,TRUE,FALSE,TRUE
울산,울산 중구 동천체육관,299,HM710111,02,초급속,100,울산광역시 중구 염포로 85,3주차장 (야외주차장),35.561737,129.351839,TRUE,TRUE,FALSE
울산,울산 중구 동천체육관,299,HM710111,01,초급속,100,울산광역시 중구 염포로 85,3주차장 (야외주차장),35.561737,129.351839,TRUE,TRUE,FALSE
울산,소바우공원 공영주차장,299,HM710112,02,급속,50,울산광역시 중구 우정동 525-3,옥외주차장,35.5640715,129.306925,TRUE,FALSE,TRUE
울산,소바우공원 공영주차장,299,HM710112,01,급속,50,울산광역시 중구 우정동 525-3,옥외주차장,35.5640715,129.306925,TRUE,FALSE,TRUE
,,,,,,,,,,,,,
,,,,,,,,,,,,,
,,,,,,,,,,,,,
,,,,,,,,,,,,,
,,,,,,,,,,,,,
,,,,,,,,,,,,,
,,,,,,,,,,,,,
,,,,,,,,,,,,,
,,,,,,,,,,,,,
,,,,,,,,,,,,,